,Game_id,User,Platform,Time,Rated,Notes,play_id,Lists,Playthrough,Completion,Main Story,Main+Extras,Completionist,Personal Notes,Progress
0,66630,BoogeyDK,PlayStation 4,70h,90%,,11544563,Completed,Replay,"May 01, 2020",70h,,,,
1,66630,,PlayStation 4,70h 32m,NR,,11818973,Completed,First,,70h 32m 46s,,,,
2,66630,ZeNoDXX,PlayStation 4,72h 17m,NR,Persona 5 Portion of the Story + Additional New Scenes. December 24th.,11323582,Completed,First,"March 29, 2020",72h 17m,,,,
3,66630,,PlayStation 4,73h 34m,NR,,11402130,Completed,First,,73h 34m,,,,
4,66630,,PlayStation 4,73h 38m,NR,,11445924,Completed,First,,73h 38m 20s,,,,
5,66630,Cammykar,PlayStation 4,74h 48m,90%,,11306876,Completed,First,"April 19, 2020",74h 48m,125h 07m,,,
6,66630,,PlayStation 4,75h 19m,NR,,11583824,Completed,First,,75h 19m,,,,
7,66630,,PlayStation 4,75h 19m,NR,,11583827,Completed,First,,75h 19m,,,,
8,66630,Acesone1,PlayStation 4,75h 22m,90%,,11631879,Completed,First,"May 06, 2020",75h 22m,,,,
9,66630,,PlayStation 4,75h 32m,NR,,11827712,Completed,First,,75h 32m,,,,
10,66630,,PlayStation 4,75h 52m,NR,,11877376,Completed,Replay,,75h 52m,,,,
11,66630,,PlayStation 4,76h 50m,NR,,11906846,Completed,First,,76h 50m,,,,
12,66630,potato45,PlayStation 4,78h,100%,,11563848,Completed,First,"April 08, 2020",78h,,,,
13,66630,,PlayStation 4,78h 55m,NR,,11911979,Completed,First,,78h 55m 48s,100h 58m 43s,,,
14,66630,Fokkos,PlayStation 4,80h,NR,,11386811,Completed,First,"April 06, 2020",80h,120h,121h,,
15,66630,GodotIV,PlayStation 4,80h,100%,,11524738,Completed,First,"April 22, 2020",80h,,,,
16,66630,Magnara,PlayStation 4,80h,NR,,11527941,Completed,First,"April 22, 2020",80h,95h,110h,already played Vanilla Persona 5,
17,66630,,PlayStation 4,80h 50m,NR,,11857042,Completed,First,,80h 50m,,,,
18,66630,CalvinH32,PlayStation 4,80h 57m,NR,,12010776,Completed,First,"May 02, 2020",80h 57m,,,,
19,66630,,PlayStation 4,80h 58m,NR,,12010706,Completed,Replay,,80h 58m,,,,
20,66630,bmartinko,PlayStation 4,81h 47m,100%,Completed Royal Content; Maxed out majority of confidants; Lv: 91; Platinum Trophy Obtained,11365526,Completed,First,"April 26, 2020",81h 47m,,,,
21,66630,,PlayStation 4,82h,NR,,11809226,Completed,First,,82h,,140h,,
22,66630,kadse,PlayStation 4,82h 42m,80%,,12015445,Completed,First,"June 17, 2020",82h 42m,,,,
23,66630,,PlayStation 4,83h 22m,NR,,11514665,Completed,Replay,,83h 22m,,,,
24,66630,,PlayStation 4,83h 55m,NR,,11814895,Completed,First,,83h 55m,,,,
25,66630,,PlayStation 4,83h 56m,NR,,11440374,Completed,First,,83h 56m,,,,
26,66630,,PlayStation 4,85h,NR,,11534599,Completed,First,,85h,100h,,,
27,66630,Hakari,PlayStation 4,85h,NR,,11467029,Completed,First,"April 16, 2020",85h,100h,120h,,
28,66630,ViVa,PlayStation 4,85h,80%,,11771175,Completed,First,"May 17, 2020",85h,116h,,,
29,66630,,PlayStation 4,85h 11m,NR,,11412276,Completed,First,,85h 11m,,,,
30,66630,,PlayStation 4,85h 23m,NR,,11641764,Completed,First,,85h 23m,,,,
31,66630,,PlayStation 4,85h 23m,NR,,11827398,Completed,First,,85h 23m,,,,
32,66630,,PlayStation 4,85h 30m,NR,,11893079,Completed,First,,85h 30m,,,,
33,66630,dmgash,PlayStation 4,85h 47m,NR,,11690712,Completed,First,"May 09, 2020",85h 47m,,,,
34,66630,Alpharad,PlayStation 4,86h,100%,,11516636,Completed,First,,86h,,,,
35,66630,Private,PlayStation 4,86h 15m,100%,,11398683,Completed,First,"April 06, 2020",86h 15m,,,,
36,66630,DayJay29,PlayStation 4,86h 40m,100%,,11612857,Completed,First,,86h 40m,,,,
37,66630,brandondelvalle,PlayStation 4,88h 46m,100%,,11597479,Completed,First,"April 16, 2020",88h 46m,,,,
38,66630,SuperSocks7,PlayStation 4,89h 32m,100%,,11638987,Completed,First,"May 03, 2020",89h 32m,,,,
39,66630,swordclaws,PlayStation 4,89h 59m,100%,,11690174,Completed,First,"May 09, 2020",89h 59m,,,,
40,66630,,PlayStation 4,90h,NR,Got original true ending,11478032,Completed,First,,90h,,,,
41,66630,,PlayStation 4,90h,NR,,11537858,Completed,First,,90h,,,,
42,66630,,PlayStation 4,90h,NR,,11608340,Completed,First,,90h,105h,120h,,
43,66630,Rendulum,PlayStation 4,90h,NR,,11696547,Completed,First,"May 10, 2020",90h,120h,160h,,
44,66630,,PlayStation 4,90h 50m,NR,,12027724,Completed,First,,90h 50m 20s,,,,
45,66630,,PlayStation 4,91h 34m,NR,,11679260,Completed,First,,91h 34m,,,,
46,66630,Balamung,PlayStation 4,92h,NR,Skipped a lot of confident/downtime dialogues,11611555,Completed,First,"April 28, 2020",92h,,,,
47,66630,,PlayStation 4,92h 11m,NR,,11914546,Completed,First,,92h 11m 53s,,,,
48,66630,,PlayStation 4,93h,NR,,11435430,Completed,First,,93h,,,,
49,66630,,PlayStation 4,93h 17m,NR,,11525233,Completed,First,,93h 17m,,120h 30m,,
50,66630,,PlayStation 4,93h 45m,NR,,11494550,Completed,First,,93h 45m,108h 18m,,,
51,66630,Akitrotro,PlayStation 4,93h 45m,NR,,11420882,Completed,First,"April 11, 2020",93h 45m,,,,
52,66630,clarkey7163,PlayStation 4,95h,NR,,11605623,Completed,First,"April 11, 2020",95h,105h,,,
53,66630,hotrod918,PlayStation 4,95h,NR,,11538669,Completed,First,"April 26, 2020",95h,110h,140h,,
54,66630,Kuposaurus,PlayStation 4,95h 08m,100%,,11663166,Completed,Replay,"May 06, 2020",95h 08m,,,,
55,66630,,PlayStation 4,96h,NR,,11848037,Completed,First,,96h,,,,
56,66630,,PlayStation 4,96h,NR,,11900633,Completed,Replay,,96h,108h,,,
57,66630,mk_modrzew,PlayStation 4,96h,90%,,11879522,Completed,First,,96h,,,,
58,66630,retro_and_chill,PlayStation 4,96h 34m,NR,,11320209,Completed,First,"May 06, 2020",96h 34m,,,,
59,66630,,PlayStation 4,96h 54m,NR,,11508767,Completed,First,,96h 54m 23s,,,,
60,66630,Xxracso40xX,PlayStation 4,96h 56m,100%,,12002290,Completed,First,"June 15, 2020",96h 56m,,,,
61,66630,,PlayStation 4,96h 57m,NR,,11392339,Completed,First,,96h 57m,,,,
62,66630,Moist_Wrist,PlayStation 4,97h 24m,100%,third semester and true ending,11570398,Completed,First,"May 12, 2020",97h 24m,,,,
63,66630,sushur,PlayStation 4,98h,80%,,11814495,Completed,First,"May 10, 2020",98h,122h,,,
64,66630,,PlayStation 4,98h 06m,NR,,11821207,Completed,First,,98h 06m,,,,
65,66630,,PlayStation 4,98h 10m,NR,,11437671,Completed,First,,98h 10m,,,,
66,66630,,PlayStation 4,98h 27m,NR,,11413264,Completed,Replay,,98h 27m,,,,
67,66630,,PlayStation 4,98h 30m,NR,"Main story+ new game plus and almost every persona, items and confidants.",11433257,Completed,First,,98h 30m 24s,145h 23m 12s,,,
68,66630,,PlayStation 4,98h 59m,NR,,11559781,Completed,First,,98h 59m,,,,
69,66630,,PlayStation 4,99h 33m,NR,,11496487,Completed,First,,99h 33m,,,,
70,66630,Valjean,PlayStation 4,99h 35m,NR,,11310400,Completed,First,"April 10, 2020",99h 35m,,,,
71,66630,srdjango9,PlayStation 4,99h 48m,NR,,11458131,Replay Completed,First,"April 10, 2020",99h 48m,,,,114h 46s /
72,66630,Benku,PlayStation 4,99h 59m,NR,,11426162,Completed,First,"April 12, 2020",99h 59m,,,,
73,66630,,PlayStation 4,100h,NR,,11453598,Completed,First,,100h,,119h 31m,,
74,66630,,PlayStation 4,100h,NR,,11588527,Completed,First,,100h,130h,,,
75,66630,,PlayStation 4,100h,NR,,11608768,Completed,First,,100h,115h,130h,,
76,66630,,PlayStation 4,100h,NR,perfect game,11611739,Completed,First,,100h,,,,
77,66630,,PlayStation 4,100h,NR,,11995064,Completed,First,,100h,125h,140h,,
78,66630,Private,PlayStation 4,100h,100%,,11395275,Completed,First,"April 09, 2020",100h,,,,
79,66630,Shadowdood123,PlayStation 4,100h,NR,,11673660,Completed,First,,100h,131h,,,
80,66630,,PlayStation 4,100h 05m,NR,,11547022,Completed,First,,100h 05m,,,,
81,66630,,PlayStation 4,100h 06m,NR,,11850786,Completed,First,,100h 06m,,,,
82,66630,,PlayStation 4,100h 16m,NR,,11901987,Completed,First,,100h 16m 26s,,,,
83,66630,,PlayStation 4,100h 20m,NR,,11933789,Completed,First,,100h 20m,109h 20m,,,
84,66630,zaks707,PlayStation 4,100h 23m,NR,,11566049,Completed,First,"April 24, 2020",100h 23m,,,,
85,66630,,PlayStation 4,100h 28m,NR,,11888030,Completed,First,,100h 28m,,,,
86,66630,DyHi5,PlayStation 4,100h 29m,NR,"True ending, all Thieves Den challenges, all trophies",11419211,Completed,First,"April 11, 2020",100h 29m,,171h 24m,,
87,66630,,PlayStation 4,100h 36m,NR,,11542146,Completed,First,,100h 36m 24s,,,,
88,66630,,PlayStation 4,101h,NR,,11430466,Completed,First,,101h,,,,
89,66630,,PlayStation 4,101h,NR,,11785615,Completed,First,,101h,108h,,,
90,66630,,PlayStation 4,101h 10m,NR,,11605034,Completed,First,,101h 10m,,,,
91,66630,,PlayStation 4,101h 30m,NR,,11769576,Completed,First,,101h 30m,,,,
92,66630,,PlayStation 4,101h 36m,NR,,11381556,Completed,First,,101h 36m,,,,
93,66630,ardhan,PlayStation 4,101h 45m,100%,,12019058,Completed,First,"June 16, 2020",101h 45m,126h 03m,,,
94,66630,Yannis_Spirou,PlayStation 4,101h 49m,100%,,11302664,Completed,Replay,"April 14, 2020",101h 49m 21s,175h 14m 55s,219h 37m 19s,,
95,66630,,PlayStation 4,101h 52m,NR,Amazing,11415807,Completed,First,,101h 52m 59s,,187h 59m 47s,,
96,66630,,PlayStation 4,102h,NR,,11736036,Completed,First,,102h,,,,
97,66630,,PlayStation 4,102h 50m,NR,,11353976,Completed,First,,102h 50m 01s,115h 50m 55s,121h,,
98,66630,,PlayStation 4,102h 51m,NR,,11983342,Completed,First,,102h 51m,,,,
99,66630,,PlayStation 4,103h,NR,,11790131,Completed,First,,103h,120h,,,
100,66630,,PlayStation 4,103h 05m,NR,,11517083,Completed,First,,103h 05m 56s,,,,
101,66630,,PlayStation 4,103h 41m,NR,,11486808,Completed,First,,103h 41m,117h 44m,,,
102,66630,SoundwaveAU,PlayStation 4,104h,90%,,11613633,Completed,First,,104h,,,,
103,66630,EELRed,PlayStation 4,104h 30m,NR,,11454152,Completed,First,"May 06, 2020",104h 30m,,,,
104,66630,DaddyDal15,PlayStation 4,104h 57m,NR,,11765555,Completed,First,"April 10, 2020",104h 57m,,,,
105,66630,,PlayStation 4,105h,NR,,11391032,Completed,First,,105h,111h,115h,,
106,66630,,PlayStation 4,105h 06m,NR,Until Credits,11437216,Completed,First,,105h 06m,,,,
107,66630,,PlayStation 4,105h 17m,NR,,11576471,Completed,First,,105h 17m,,,,
108,66630,,PlayStation 4,105h 46m,NR,,11518898,Completed,First,,105h 46m,,,,
109,66630,Ash,PlayStation 4,107h 12m,NR,,11916741,Completed,First,"April 13, 2020",107h 12m 25s,,,,
110,66630,,PlayStation 4,107h 48m,NR,,11404401,Completed,First,,107h 48m,,,,
111,66630,ShadowBag,PlayStation 4,108h,100%,,11502007,Completed,First,"April 20, 2020",108h,,,,
112,66630,rakeshra96,PlayStation 4,108h 43m,NR,,11815287,Completed,First,"May 22, 2020",108h 43m,,,,
113,66630,,PlayStation 4,109h 21m,NR,,11365348,Completed,First,,109h 21m,158h 25m,178h 31m,,
114,66630,raiju17,PlayStation 4,109h 32m,100%,,11394885,Replay Completed,First,"May 22, 2020",109h 32m,,,,120h /
115,66630,,PlayStation 4,110h,NR,,11786616,Completed,First,,110h,120h,126h 35m,,
116,66630,,PlayStation 4,110h,NR,,11860876,Completed,First,,110h,,,,
117,66630,EDGE1095,PlayStation 4,110h,100%,,11132256,Completed,First,"May 11, 2020",110h,118h,,,
118,66630,tsuna00027,PlayStation 4,110h 07m,100%,,11444665,Completed,First,"April 14, 2020",110h 07m,,,,
119,66630,EllieThePikmin,PlayStation 4,110h 20m,100%,Best game,11581759,Completed,First,"May 16, 2020",110h 20m,,,,
120,66630,WavyFuego,PlayStation 4,111h 32m,80%,,11768826,Completed,First,"May 17, 2020",111h 32m,,,,
121,66630,,PlayStation 4,112h,NR,,11788637,Completed,First,,112h,132h,,,
122,66630,,PlayStation 4,112h,NR,,11534630,Completed,First,,112h 05s,,,,
123,66630,Therion,PlayStation 4,114h,NR,I died only a few times and did do some grinding for better personas,11668716,Completed,First,"May 07, 2020",114h,,,,
124,66630,Deathtoy4444,PlayStation 4,116h,100%,,11557760,Completed,First,"April 20, 2020",116h,126h,,,
125,66630,Weepboop,PlayStation 4,116h 57m,90%,,11560034,Completed,First,"April 25, 2020",116h 57m,,,,
126,66630,Jbscubanito93,PlayStation 4,117h,NR,,11614244,Completed,First,"May 01, 2020",117h,,,,
127,66630,,PlayStation 4,117h 30m,NR,,11576153,Completed,First,,117h 30m,,,,
128,66630,seales22,PlayStation 4,118h,NR,,11488672,Completed,First,"April 18, 2020",118h,123h 58m,,,
129,66630,,PlayStation 4,119h 54m,NR,,11723718,Completed,First,,119h 54m 02s,,,,
130,66630,,PlayStation 4,120h,NR,,11405718,Completed,First,,120h,,,,
131,66630,,PlayStation 4,120h,NR,,11538359,Completed,First,,120h,130h,,,
132,66630,,PlayStation 4,120h,NR,,11664443,Completed,First,,120h,150h,200h,,
133,66630,Darax,PlayStation 4,120h,NR,,11789741,Completed,First,"May 20, 2020",120h,125h,,,
134,66630,Fatlinerdadd,PlayStation 4,120h,NR,,11829425,Completed,First,,120h,153h,,,
135,66630,Infinityz,PlayStation 4,120h,NR,,11595683,Completed,First,"May 06, 2020",120h,,,,
136,66630,ToshiroIto,PlayStation 4,120h,NR,,11598747,Completed,First,"June 01, 2020",120h,170h,,,
137,66630,garc_79,PlayStation 4,120h,NR,,11854244,Playing Completed,First,"May 16, 2020",120h,155h,210h,,160h /
138,66630,Sinews,PlayStation 4,120h 17m,90%,,11653450,Playing Completed,First,,120h 17m,,,,
139,66630,,PlayStation 4,120h 30m,NR,,11696304,Completed,First,,120h 30m 11s,130h 22m 05s,160h 55m 41s,,
140,66630,,PlayStation 4,120h 45m,NR,,11520759,Completed,First,,120h 45m,,,,
141,66630,,PlayStation 4,120h 50m,NR,"All confidants, requests and other things outside of NG+",11940029,Completed,First,,120h 50m,170h 32m,,,
142,66630,jhawk889,PlayStation 4,121h 46m,NR,,11887598,Completed,First,,121h 46m,,,,
143,66630,,PlayStation 4,122h,NR,,11462243,Completed,First,,122h,,,,
144,66630,VoidGear,PlayStation 4,123h 37m,NR,,11601403,Completed,First,"April 28, 2020",123h 37m,,,,
145,66630,kidscghost,PlayStation 4,123h 45m,NR,,11630057,Completed,First,"May 28, 2020",123h 45m,,,,
146,66630,,PlayStation 4,125h,NR,,11866497,Completed,First,,125h,,,,
147,66630,,PlayStation 4,125h 27m,NR,,11653262,Completed,Replay,,125h 27m,132h,,,
148,66630,Marowhacker,PlayStation 4,126h,100%,,11747426,Completed,First,"April 22, 2020",126h,,,,
149,66630,,PlayStation 4,126h 26m,NR,,11525679,Completed,First,,126h 26m,130h 40m,170h 49m,,
150,66630,polltery,PlayStation 4,127h,100%,3rd chapter ending.,11596259,Playing Completed,First,"June 18, 2020",127h,,,,128h /
151,66630,,PlayStation 4,129h 42m,NR,,11982716,Completed,First,,129h 42m,,,,
152,66630,,PlayStation 4,130h 20m,NR,,11591816,Completed,First,,130h 20m 50s,,,,
153,66630,,PlayStation 4,130h 50m,NR,,11525498,Completed,First,,130h 50m,150h,155h,,
154,66630,,PlayStation 4,131h,NR,,11688827,Completed,First,,131h,,,,
155,66630,Cpreacy,PlayStation 4,132h 30m,NR,,11910651,Completed,First,"June 03, 2020",132h 30m,154h 56m,,,
156,66630,,PlayStation 4,140h,NR,,11548300,Completed,First,,140h,150h,,,
157,66630,,PlayStation 4,140h,NR,,11755852,Completed,First,,140h,,,,
158,66630,Krazygalaxy,PlayStation 4,142h,100%,,11422584,Completed,First,"May 19, 2020",142h,,,,
159,66630,Wolfy4meh,PlayStation 4,150h,NR,,11663825,Completed,First,"April 18, 2020",150h,,,,
160,66630,,PlayStation 4,150h 01m,NR,,11871173,Completed,First,,150h 01m,,,,
161,66630,Nanayuna,PlayStation 4,155h,90%,,11581839,Completed,First,"June 01, 2020",155h,,,,
162,66630,,PlayStation 4,159h 40m,NR,,11676537,Completed,First,,159h 40m,,,,
163,66630,TrevortheDogg,PlayStation 4,164h 07m,NR,,11989436,Completed,First,"June 02, 2020",164h 07m,,,,
164,66630,desquerade,PlayStation 4,166h,NR,,11324465,Completed,First,"April 26, 2020",166h,,,,
165,66630,guilherpess,PlayStation 4,168h 53m,100%,,11594895,Completed,First,"May 07, 2020",168h 53m,,,,
166,66630,,PlayStation 4,180h,NR,,11985131,Completed,First,,180h,,,,
167,66630,GoldenDevilGamer,PlayStation 4,180h,NR,,11320974,Completed,First,"April 01, 2020",180h,200h,220h,,
168,66630,,PlayStation 4,67h 59m,NR,Main story + all stamps collected,11521172,Completed,First,,,67h 59m,,,
169,66630,,PlayStation 4,70h 53m,NR,,11512646,Completed,First,,,70h 53m 22s,,,
170,66630,popfg,PlayStation 4,84h 54m,100%,,11677372,Completed,Replay,,,84h 54m,,,
171,66630,,PlayStation 4,85h,NR,,11582493,Completed,First,,,85h,,,
172,66630,,PlayStation 4,85h,NR,,11986580,Completed,First,,,85h,,,
173,66630,nodenaatti,PlayStation 4,85h,NR,,11668636,Completed,First,"May 01, 2020",,85h,,,
174,66630,HoldFestMand,PlayStation 4,86h 05m,100%,,11533453,Completed,First,"April 23, 2020",,86h 05m,,,
175,66630,,PlayStation 4,87h 18m,NR,,11665136,Completed,First,,,87h 18m,,,
176,66630,ZeNoDXX,PlayStation 4,88h 02m,90%,Main Story + Third Semester + True Ending. Most Confidants rank 10. Social Stats maxed. 78% PlayStation achievements.,11304071,Completed,First,"March 29, 2020",,88h 02m,,Japanese Version. Prior knowledge from Western release of Persona 5. Completely blind for the third semester and new changes.,
177,66630,Cavalloman,PlayStation 4,89h 01m,NR,,11381412,Completed,First,"April 29, 2020",,89h 01m,,,
178,66630,MissAsumay,PlayStation 4,89h 20m,100%,,11421333,Completed,First,"April 12, 2020",,89h 20m,,,
179,66630,,PlayStation 4,89h 24m,NR,,11430487,Completed,First,,,89h 24m,,,
180,66630,,PlayStation 4,89h 45m,NR,True Ending. Mementos 100 %. Max Confidants. Platinum.,11426564,Completed,First,,,89h 45m,,,
181,66630,,PlayStation 4,90h,NR,Main story and all confidants,11625926,Completed,Replay,,,90h,,,
182,66630,AbombPlayZ,PlayStation 4,90h 05m,100%,,11712289,Completed,First,"May 06, 2020",,90h 05m,,"First playthrough after Platinum trophy on original Persona 5. All conidants maxed, all requests finished, 90% compendium.",
183,66630,,PlayStation 4,90h 45m,NR,"Finished all palaces (+Maruki), all mementos quests but 3, and all confidents except tower, justice, sun, faith, empress",11872433,Completed,First,,,90h 45m 32s,,,
184,66630,TheMightyCrab,PlayStation 4,90h 50m,NR,,11630312,Completed,First,"May 02, 2020",,90h 50m,,,
185,66630,WhiteyWind,PlayStation 4,92h 03m,100%,"Level 99, defeated the reaper, got all the mementos stamps, got level 5 in all social skills, got all the palace seeds",11370496,Completed,First,"May 13, 2020",,92h 03m,,,
186,66630,IkeClimbers,PlayStation 4,92h 25m,100%,,11599878,Completed,First,"April 10, 2020",,92h 25m,,,
187,66630,MCN_MikeTV,PlayStation 4,93h,100%,,11878141,Completed,First,"May 31, 2020",,93h,,"I've yet to beat the final boss in the new content, so the 93 is a rounded-up estimate.",
188,66630,,PlayStation 4,93h 56m,NR,,11397543,Completed,First,,,93h 56m,,,
189,66630,goldkingfish,PlayStation 4,94h,100%,"Platinum Trophy, 50% of awards in thieves den completed",11544552,Completed,First,"April 12, 2020",,94h,,,
190,66630,m0ntagx,PlayStation 4,94h 05m,NR,,11661252,Completed,First,"May 05, 2020",,94h 05m 10s,,,
191,66630,,PlayStation 4,94h 07m,NR,Got platinum on first run,11583459,Completed,First,,,94h 07m,,,
192,66630,Frostfire612,PlayStation 4,94h 26m,NR,,11625669,Completed,First,"May 01, 2020",,94h 26m,,,
193,66630,Magnara,PlayStation 4,95h,NR,,11527941,Completed,First,"April 22, 2020",80h,95h,110h,already played Vanilla Persona 5,
194,66630,tongster789,PlayStation 4,95h 30m,NR,,11492286,Completed,First,"April 18, 2020",,95h 30m,,,
195,66630,,PlayStation 4,95h 34m,NR,,11648062,Completed,First,,,95h 34m,,,
196,66630,Private,PlayStation 4,95h 42m,90%,,11594834,Completed,Replay,"April 28, 2020",,95h 42m,,,
197,66630,,PlayStation 4,95h 56m,NR,,11411277,Completed,First,,,95h 56m,,,
198,66630,brunz95,PlayStation 4,96h,90%,Got Platinum.,12017455,Completed,First,"June 14, 2020",,96h,,Drags in the middle but still a fantastic game with a great story.,
199,66630,GoldenSpaceman,PlayStation 4,96h 23m,100%,Platinum Trophy. 86% Persona Compendium.,11319397,Completed,First,"April 20, 2020",,96h 23m,,,
200,66630,JokerSSBU,PlayStation 4,96h 30m,NR,,11509787,Completed,First,"April 20, 2020",,96h 30m,,,
201,66630,,PlayStation 4,96h 35m,NR,"Third Semester w/ True Ending, Max Social, 16 Maxed Confidants, All Mementos Stamps, Platinum Trophy, & Jose fight",11593240,Completed,First,,,96h 35m,,,
202,66630,Jimjebus,PlayStation 4,96h 37m,NR,,11681501,Completed,First,,,96h 37m 14s,,,
203,66630,,PlayStation 4,97h 30m,NR,,11244354,Completed,First,,,97h 30m,,,
204,66630,Private,PlayStation 4,97h 44m,NR,,11307117,Completed,First,"April 23, 2020",,97h 44m,,"March 14th, (Approx 97:44, 31/03/2020 - 22/04/2020)",
205,66630,Shirkawa,PlayStation 4,98h 02m,NR,,11755600,Completed,First,"May 16, 2020",,98h 02m,,,
206,66630,RayFirefist,PlayStation 4,98h 14m,100%,"Platinum, All Confidants rank max and Royal ending",11636916,Completed,Replay,"April 16, 2020",,98h 14m,,,
207,66630,Ichaeski,PlayStation 4,98h 30m,100%,,11401293,Completed,First,"March 27, 2020",,98h 30m,,,
208,66630,Tentandcool,PlayStation 4,98h 30m,90%,"Plat Trophy, Normal Difficulty",11381351,Completed,First,"April 10, 2020",,98h 30m,,,
209,66630,,PlayStation 4,100h,NR,,11534599,Completed,First,,85h,100h,,,
210,66630,DirtyStrad,PlayStation 4,100h,NR,,11955054,Completed,First,"June 10, 2020",,100h,,,
211,66630,Hakari,PlayStation 4,100h,NR,,11467029,Completed,First,"April 16, 2020",85h,100h,120h,,
212,66630,Kynois77,PlayStation 4,100h,NR,,11878073,Completed,First,"May 31, 2020",,100h,,,
213,66630,ZetaKross,PlayStation 4,100h,NR,,11595508,Completed,First,"April 28, 2020",,100h,,,
214,66630,casualgamer666,PlayStation 4,100h,NR,,11499987,Completed,First,"April 20, 2020",,100h,,,
215,66630,,PlayStation 4,100h 05m,NR,,11416460,Completed,First,,,100h 05m 36s,,,
216,66630,retorra,PlayStation 4,100h 10m,100%,"100% ps4 trophies, 48% thieves den completion",11639668,Completed,First,"May 03, 2020",,100h 10m,,,
217,66630,Roboevan,PlayStation 4,100h 10m,NR,,11745679,Completed,First,"May 15, 2020",,100h 10m 55s,,,
218,66630,,PlayStation 4,100h 58m,NR,,11911979,Completed,First,,78h 55m 48s,100h 58m 43s,,,
219,66630,,PlayStation 4,101h 08m,NR,,11546949,Completed,First,,,101h 08m,,,
220,66630,,PlayStation 4,101h 11m,NR,,11378626,Completed,First,,,101h 11m 08s,,,
221,66630,Bode,PlayStation 4,101h 13m,100%,"Platinum, Max Confidants, 71% Thieves Den, All Stamps, Max Level, Max Social Stats, True Ending",11469853,Completed,First,"June 15, 2020",,101h 13m,,Achieved the Platinum at 101:13. Maxed all Confidants. Completed 71% of the Thieves Den challenges. Got all Stamps and Will Seeds. Reached Max Level with all characters. Maxed out all social stats. Got the True Ending of the game after completing the Third Semester's content.,
222,66630,otakuPower,PlayStation 4,101h 30m,NR,,11638089,Completed,First,"May 03, 2020",,101h 30m,,,
223,66630,birbfm,PlayStation 4,102h 12m,100%,,11690527,Completed,First,"May 09, 2020",,102h 12m,,"Completed all confidants except Ann and Chihune, true ending, platinum PSN trophy, 53% award completion",
224,66630,,PlayStation 4,102h 14m,NR,,11562459,Completed,First,,,102h 14m,,,
225,66630,,PlayStation 4,102h 18m,NR,,11877383,Completed,First,,,102h 18m,,,
226,66630,AaronMcHayez,PlayStation 4,102h 32m,NR,,11881764,Completed,First,"May 31, 2020",,102h 32m,,,
227,66630,Nunchified,PlayStation 4,102h 33m,100%,Obtained the platinum trophy,11543878,Completed,First,"April 21, 2020",,102h 33m,,,
228,66630,Teoko,PlayStation 4,102h 46m,NR,,11396975,Completed,Replay,"April 09, 2020",,102h 46m,,,
229,66630,nuber1gamer,PlayStation 4,103h,60%,Main Story with some extra stuff done. Grinding did happen.,11787699,Completed,First,"May 19, 2020",,103h,,Main Story with some extra stuff done. Grinding did happen.,
230,66630,,PlayStation 4,103h 07m,NR,,11933381,Completed,First,,,103h 07m,,,
231,66630,SomethingIshy,PlayStation 4,103h 17m,90%,,11841985,Completed,Replay,"May 22, 2020",,103h 17m,,Platinum. True ending.,
232,66630,Private,PlayStation 4,103h 26m,100%,,11877455,Completed,First,"May 31, 2020",,103h 26m,,,
233,66630,TheRealSparkPlug,PlayStation 4,103h 39m,100%,,11406692,Completed,First,"May 26, 2020",,103h 39m 07s,,,
234,66630,Kwixzii,PlayStation 4,103h 45m,100%,"Got Platinum Trophy, but not 100% Thieves Den",11778785,Completed,First,,,103h 45m,,,
235,66630,Private,PlayStation 4,104h 34m,NR,,11442796,Completed,First,"May 08, 2020",,104h 34m,,,
236,66630,,PlayStation 4,105h,NR,,11500012,Completed,First,,,105h,,,
237,66630,,PlayStation 4,105h,NR,,11608340,Completed,First,,90h,105h,120h,,
238,66630,Private,PlayStation 4,105h,NR,,11317975,Completed,First,"May 19, 2020",,105h,,,
239,66630,clarkey7163,PlayStation 4,105h,NR,,11605623,Completed,First,"April 11, 2020",95h,105h,,,
240,66630,Doddy414,PlayStation 4,105h 29m,100%,,11520951,Completed,First,"April 19, 2020",,105h 29m,,,
241,66630,,PlayStation 4,105h 32m,NR,,11640270,Completed,First,,,105h 32m,,,
242,66630,DoujinShinji,PlayStation 4,105h 34m,NR,,11595538,Completed,First,"April 27, 2020",,105h 34m,,,
243,66630,,PlayStation 4,105h 43m,NR,,11404088,Completed,First,,,105h 43m,,,
244,66630,,PlayStation 4,106h 04m,NR,,11924105,Completed,First,,,106h 04m,,,
245,66630,Utrab33,PlayStation 4,106h 45m,100%,,11468108,Completed,First,"April 17, 2020",,106h 45m,,,
246,66630,,PlayStation 4,106h 54m,NR,,11924109,Completed,First,,,106h 54m,,,
247,66630,,PlayStation 4,107h,NR,,11604950,Completed,First,,,107h,,,
248,66630,Private,PlayStation 4,107h,100%,"Plat. True ending on hard mode. LV 99, 96% compendium, all confidants and social stats maxed",8926405,Replay Completed,First,"April 17, 2020",,107h,,,
249,66630,,PlayStation 4,107h 19m,NR,,12022691,Completed,First,,,107h 19m,,,
250,66630,fusebro,PlayStation 4,107h 22m,NR,,11666077,Completed,First,"May 06, 2020",,107h 22m,,,
251,66630,,PlayStation 4,107h 45m,NR,,12025484,Completed,First,,,107h 45m,,,
252,66630,TashaCross,PlayStation 4,107h 50m,NR,,11275654,Completed,First,"April 18, 2020",,107h 50m,,,
253,66630,,PlayStation 4,108h,NR,,11485061,Completed,First,,,108h,,,
254,66630,,PlayStation 4,108h,NR,,11785615,Completed,First,,101h,108h,,,
255,66630,,PlayStation 4,108h,NR,,11900633,Completed,Replay,,96h,108h,,,
256,66630,berglt84,PlayStation 4,108h,100%,,11900985,Completed,First,"May 15, 2020",,108h,,,
257,66630,,PlayStation 4,108h 02m,NR,,11570908,Completed,First,,,108h 02m,,,
258,66630,,PlayStation 4,108h 18m,NR,,11494550,Completed,First,,93h 45m,108h 18m,,,
259,66630,FuyuGuP,PlayStation 4,108h 32m,100%,,11725607,Completed,First,"May 24, 2020",,108h 32m,,,
260,66630,Private,PlayStation 4,108h 34m,100%,,11412196,Completed,First,"April 11, 2020",,108h 34m,,,
261,66630,Darezzo,PlayStation 4,109h,100%,,11100794,Completed,First,"June 01, 2020",,109h,,,
262,66630,Mintbunny1010,PlayStation 4,109h 01m,100%,Level 99 finished most of the momentos missions and got the true ending.,11489540,Completed,First,,,109h 01m,,,
263,66630,,PlayStation 4,109h 20m,NR,,11933789,Completed,First,,100h 20m,109h 20m,,,
264,66630,,PlayStation 4,110h,NR,,11778851,Completed,First,,,110h,,,
265,66630,CookieCrumb23,PlayStation 4,110h,NR,,11444532,Completed,First,"June 18, 2020",,110h,,,
266,66630,Private,PlayStation 4,110h,100%,,11516639,Completed,First,"April 19, 2020",,110h,,,
267,66630,hotrod918,PlayStation 4,110h,NR,,11538669,Completed,First,"April 26, 2020",95h,110h,140h,,
268,66630,peaks,PlayStation 4,110h,100%,,12005790,Completed,First,"June 15, 2020",,110h,,,
269,66630,tmgm528,PlayStation 4,110h,NR,,11689844,Completed,First,"April 28, 2020",,110h,,,
270,66630,Jobius,PlayStation 4,110h 02m,90%,,11334119,Completed,First,"May 01, 2020",,110h 02m,,,
271,66630,Emergence,PlayStation 4,110h 11m,NR,,11412101,Completed,First,"April 18, 2020",,110h 11m,,,
272,66630,,PlayStation 4,110h 15m,NR,,11988667,Completed,First,,,110h 15m,,,
273,66630,Benjax14,PlayStation 4,110h 22m,NR,,11448040,Completed,First,"June 02, 2020",,110h 22m,,,
274,66630,,PlayStation 4,110h 30m,NR,,11339658,Completed,First,,,110h 30m,,,
275,66630,,PlayStation 4,110h 32m,NR,,11399680,Completed,First,,,110h 32m,,,
276,66630,,PlayStation 4,111h,NR,,11391032,Completed,First,,105h,111h,115h,,
277,66630,Kennedaddy,PlayStation 4,111h,100%,,12001666,Completed,First,"June 15, 2020",,111h,,,
278,66630,larsc,PlayStation 4,111h 01m,NR,,11622630,Completed,First,"May 01, 2020",,111h 01m,,,
279,66630,SirSenorChancho,PlayStation 4,111h 11m,NR,,11542422,Completed,First,"April 22, 2020",,111h 11m,,,
280,66630,rugg1999,PlayStation 4,111h 12m,NR,,11887530,Completed,First,"June 01, 2020",,111h 12m,,,
281,66630,Kamikaze9,PlayStation 4,111h 25m,NR,,11680435,Completed,First,"May 08, 2020",,111h 25m,,,
282,66630,NHRVL7,PlayStation 4,112h,100%,,11404587,Completed,Replay,"April 09, 2020",,112h,,,
283,66630,Private,PlayStation 4,112h,100%,,11443116,Completed,First,"June 07, 2020",,112h,,,
284,66630,,PlayStation 4,112h 05m,NR,,11856138,Completed,First,,,112h 05m,,,
285,66630,TT23880,PlayStation 4,112h 43m,90%,,11242976,Completed,First,"May 21, 2020",,112h 43m,,,
286,66630,PJustice,PlayStation 4,114h,100%,,11498697,Completed,First,"April 15, 2020",,114h,,,
287,66630,DannS0N,PlayStation 4,114h 16m,100%,,11363107,Completed,First,"April 24, 2020",,114h 16m,,,
288,66630,,PlayStation 4,114h 29m,NR,,11522145,Completed,First,,,114h 29m,,,
289,66630,Private,PlayStation 4,114h 42m,NR,,11403449,Completed,First,"April 10, 2020",,114h 42m,,,
290,66630,,PlayStation 4,114h 55m,NR,Main Story + Max Money + Max Levels + Platinum Trophy,11432167,Completed,First,,,114h 55m,,,
291,66630,,PlayStation 4,115h,NR,,11608768,Completed,First,,100h,115h,130h,,
292,66630,,PlayStation 4,115h,NR,,11704988,Completed,First,,,115h,,,
293,66630,,PlayStation 4,115h,NR,Platinum Trophy Run,11837649,Completed,First,,,115h,,,
294,66630,AcousticPanda,PlayStation 4,115h,NR,,11606656,Completed,First,"April 29, 2020",,115h,,,
295,66630,Private,PlayStation 4,115h,NR,,11778076,Completed,First,,,115h,,,
296,66630,Ligmaster9000,PlayStation 4,115h 10m,NR,"Maxed out ~1/3 of the confidants, most other ones were high level. Lvl 99",11599766,Completed,First,"April 29, 2020",,115h 10m,,,
297,66630,jooohnny32,PlayStation 4,115h 29m,100%,,11348529,Completed,First,"May 14, 2020",,115h 29m,,,
298,66630,,PlayStation 4,115h 30m,NR,,11654355,Completed,First,,,115h 30m,,,
299,66630,henty,PlayStation 4,115h 35m,100%,Platinum - Hard Difficulty - 20/23 Confidants Maxed,11640279,Completed,First,"April 20, 2020",,115h 35m,,,
300,66630,Pluggedingaming,PlayStation 4,115h 38m,90%,"All confidants and mementos missions, platinum trophy",11640032,Completed,First,"May 03, 2020",,115h 38m,,,
301,66630,,PlayStation 4,115h 49m,NR,,11583423,Completed,First,,,115h 49m,,,
302,66630,,PlayStation 4,115h 50m,NR,,11353976,Completed,First,,102h 50m 01s,115h 50m 55s,121h,,
303,66630,ViVa,PlayStation 4,116h,80%,,11771175,Completed,First,"May 17, 2020",85h,116h,,,
304,66630,ryanb5516,PlayStation 4,116h,100%,,11704671,Completed,First,"May 10, 2020",,116h,,,
305,66630,,PlayStation 4,116h 10m,NR,,11670234,Completed,First,,,116h 10m,,,
306,66630,Bigbellyburger,PlayStation 4,116h 26m,100%,"Hard difficulty, Platinum trophy, true ending",10371769,Completed,First,"April 26, 2020",,116h 26m,,,
307,66630,Private,PlayStation 4,116h 30m,NR,,11671536,Completed,First,"May 06, 2020",,116h 30m,,,
308,66630,Yoshikenny_Kira,PlayStation 4,116h 59m,100%,,11318811,Completed,First,"April 21, 2020",,116h 59m,,,
309,66630,NemissaPunk,PlayStation 4,117h,NR,Main Story + Trophies,11803049,Completed,First,"May 21, 2020",,117h,,,
310,66630,wilson576,PlayStation 4,117h,NR,,11413576,Completed,First,"April 11, 2020",,117h,,,
311,66630,FinalFalconberry,PlayStation 4,117h 40m,NR,,11678826,Completed,First,"May 07, 2020",,117h 40m,,,
312,66630,Alrob22,PlayStation 4,117h 42m,100%,,11587128,Completed,First,"April 28, 2020",,117h 42m,,,
313,66630,Private,PlayStation 4,117h 43m,100%,,11349897,Completed,First,"April 17, 2020",,117h 43m,,,
314,66630,,PlayStation 4,117h 44m,NR,,11486808,Completed,First,,103h 41m,117h 44m,,,
315,66630,,PlayStation 4,118h,NR,,11634324,Completed,First,,,118h,,,
316,66630,EDGE1095,PlayStation 4,118h,100%,,11132256,Completed,First,"May 11, 2020",110h,118h,,,
317,66630,kooldude65,PlayStation 4,118h 10m,NR,,11908694,Completed,First,"June 04, 2020",,118h 10m,,,
318,66630,d0dge,PlayStation 4,118h 18m,NR,,11826893,Completed,First,"May 24, 2020",,118h 18m,,,
319,66630,,PlayStation 4,118h 24m,NR,,11419284,Completed,First,,,118h 24m,,,
320,66630,tapbnow,PlayStation 4,118h 35m,90%,,11674861,Completed,First,"May 07, 2020",,118h 35m,,,
321,66630,,PlayStation 4,118h 38m,NR,,11902097,Completed,First,,,118h 38m,,,
322,66630,KiraQueen870,PlayStation 4,118h 38m,NR,,11902121,Completed,First,"June 02, 2020",,118h 38m,,,
323,66630,LocalAutist,PlayStation 4,118h 40m,60%,"Platinum Trophy, didn't max all confidants",11519644,Completed,First,"May 23, 2020",,118h 40m 30s,,,
324,66630,Private,PlayStation 4,118h 48m,100%,,10881789,Completed,First,"April 26, 2020",,118h 48m,,,
325,66630,,PlayStation 4,119h,NR,,11644182,Completed,First,,,119h,,,
326,66630,,PlayStation 4,119h 47m,NR,,11566059,Completed,First,,,119h 47m,,,
327,66630,Darkrun2,PlayStation 4,119h 54m,100%,,11846416,Completed,First,"May 27, 2020",,119h 54m,,,
328,66630,,PlayStation 4,120h,NR,,11584446,Completed,First,,,120h,,,
329,66630,,PlayStation 4,120h,NR,,11585847,Completed,First,,,120h,,,
330,66630,,PlayStation 4,120h,NR,,11681568,Completed,First,,,120h,,,
331,66630,,PlayStation 4,120h,NR,,11786616,Completed,First,,110h,120h,126h 35m,,
332,66630,,PlayStation 4,120h,NR,,11790131,Completed,First,,103h,120h,,,
333,66630,,PlayStation 4,120h,NR,,11859416,Completed,First,,,120h,,,
334,66630,Fokkos,PlayStation 4,120h,NR,,11386811,Completed,First,"April 06, 2020",80h,120h,121h,,
335,66630,LukeyGuy1,PlayStation 4,120h,100%,,11400406,Completed,First,"April 30, 2020",,120h,,,
336,66630,Rendulum,PlayStation 4,120h,NR,,11696547,Completed,First,"May 10, 2020",90h,120h,160h,,
337,66630,lammy,PlayStation 4,120h,NR,,11885161,Completed,First,"May 16, 2020",,120h,,,
338,66630,,PlayStation 4,120h 01m,NR,,11968724,Completed,First,,,120h 01m,120h 01m 01s,,
339,66630,Guendolin,PlayStation 4,120h 19m,100%,,11930088,Completed,First,"June 07, 2020",,120h 19m,,,
340,66630,blackyoshi_42,PlayStation 4,120h 52m,NR,,11606691,Completed,First,"April 30, 2020",,120h 52m,,,
341,66630,Abovert,PlayStation 4,121h 15m,100%,,11560671,Completed,First,"April 26, 2020",,121h 15m 25s,,,
342,66630,Changeur,PlayStation 4,121h 49m,NR,"I did P5 Vanilla. Only had free DLC, all Social Stats and Links Maxed out, True Ending. Played a hell out of darts ^^",11953766,Completed,First,"June 10, 2020",,121h 49m,,,
343,66630,,PlayStation 4,121h 51m,NR,,11955463,Completed,First,,,121h 51m 45s,124h 50m,,
344,66630,,PlayStation 4,122h,NR,,11899952,Completed,First,,,122h,,,
345,66630,Hydroxcity,PlayStation 4,122h,NR,,11940379,Completed,First,"June 08, 2020",,122h,,,
346,66630,sushur,PlayStation 4,122h,80%,,11814495,Completed,First,"May 10, 2020",98h,122h,,,
347,66630,Private,PlayStation 4,122h 02m,NR,Main Story + All Trophies,11331578,Completed,First,"May 30, 2020",,122h 02m,,,
348,66630,,PlayStation 4,122h 21m,NR,,11827003,Completed,First,,,122h 21m,,,
349,66630,sdornan,PlayStation 4,122h 21m,NR,,11827029,Completed,First,"May 24, 2020",,122h 21m,,,
350,66630,,PlayStation 4,122h 32m,NR,main story. all confidants and platinum,11533441,Completed,First,,,122h 32m,,,
351,66630,,PlayStation 4,123h,NR,,11404588,Completed,First,,,123h,,,
352,66630,ColorMeSchad,PlayStation 4,123h 05m,100%,,11492053,Completed,First,"April 18, 2020",,123h 05m,,"Romance: ""Kasumi""",
353,66630,,PlayStation 4,123h 45m,NR,,11649940,Completed,First,,,123h 45m,,,
354,66630,seales22,PlayStation 4,123h 58m,NR,,11488672,Completed,First,"April 18, 2020",118h,123h 58m,,,
355,66630,ixeros120,PlayStation 4,124h 19m,100%,,11463534,Completed,First,"April 16, 2020",,124h 19m,,,
356,66630,pez,PlayStation 4,124h 42m,100%,,11351509,Completed,First,"June 14, 2020",,124h 42m,,,
357,66630,,PlayStation 4,124h 45m,NR,,11651726,Completed,First,,,124h 45m,,,
358,66630,,PlayStation 4,124h 45m,NR,,11651727,Completed,First,,,124h 45m,,,
359,66630,,PlayStation 4,125h,NR,,11995064,Completed,First,,100h,125h,140h,,
360,66630,Darax,PlayStation 4,125h,NR,,11789741,Completed,First,"May 20, 2020",120h,125h,,,
361,66630,Private,PlayStation 4,125h,100%,,11708987,Completed,First,,,125h,,,
362,66630,fifthxxchild,PlayStation 4,125h,100%,,11351631,Completed,First,"May 06, 2020",,125h,,,
363,66630,lazaryuus,PlayStation 4,125h,NR,,12006995,Completed,First,"June 15, 2020",,125h,,,
364,66630,sunglee87,PlayStation 4,125h,100%,,11853681,Completed,First,"June 16, 2020",,125h,,,
365,66630,Cammykar,PlayStation 4,125h 07m,90%,,11306876,Completed,First,"April 19, 2020",74h 48m,125h 07m,,,
366,66630,Private,PlayStation 4,125h 43m,NR,,11489200,Completed,First,"April 13, 2020",,125h 43m,,,
367,66630,,PlayStation 4,125h 45m,NR,,11473395,Completed,First,,,125h 45m,,,
368,66630,legslegslegs,PlayStation 4,125h 56m,NR,,11834130,Completed,First,"May 06, 2020",,125h 56m,,,
369,66630,Deathtoy4444,PlayStation 4,126h,100%,,11557760,Completed,First,"April 20, 2020",116h,126h,,,
370,66630,TheEagleStrike,PlayStation 4,126h,90%,,11467189,Completed,First,"April 13, 2020",,126h,,All confidants and the Platinum Trophy; true/real reality ending,
371,66630,ardhan,PlayStation 4,126h 03m,100%,,12019058,Completed,First,"June 16, 2020",101h 45m,126h 03m,,,
372,66630,Siloquin538,PlayStation 4,127h 52m,NR,,11658937,Completed,First,"May 03, 2020",,127h 52m,,,
373,66630,zeguy__,PlayStation 4,127h 55m,100%,,11565277,Completed,First,"April 26, 2020",,127h 55m,,,
374,66630,nikonoir,PlayStation 4,128h,NR,,11851708,Completed,First,"May 27, 2020",,128h,,,
375,66630,goopsalad,PlayStation 4,128h 09m,100%,,11311846,Completed,First,"May 09, 2020",,128h 09m 56s,,,
376,66630,mugiwarajm,PlayStation 4,128h 39m,NR,,11375443,Completed,First,"May 22, 2020",,128h 39m,,,
377,66630,andehh,PlayStation 4,128h 48m,100%,,11533959,Completed,First,"June 02, 2020",,128h 48m,,,
378,66630,rohitunni,PlayStation 4,129h 38m,80%,,11313540,Completed,First,"April 18, 2020",,129h 38m,,,
379,66630,,PlayStation 4,129h 50m,NR,,11685497,Completed,First,,,129h 50m,,,
380,66630,,PlayStation 4,130h,NR,,11538359,Completed,First,,120h,130h,,,
381,66630,,PlayStation 4,130h,NR,,11588527,Completed,First,,100h,130h,,,
382,66630,,PlayStation 4,130h,NR,,11735442,Completed,First,,,130h,,,
383,66630,Dankangelo,PlayStation 4,130h,90%,,11537741,Completed,First,"June 11, 2020",,130h,,,
384,66630,dissi,PlayStation 4,130h,NR,,11811699,Completed,First,"May 18, 2020",,130h,,,
385,66630,Private,PlayStation 4,130h,NR,,11860205,Completed,First,"May 20, 2020",,130h,,,
386,66630,jkoh95,PlayStation 4,130h,100%,,11928410,Completed,First,"May 22, 2020",,130h,,,
387,66630,,PlayStation 4,130h 03m,NR,,11637849,Completed,First,,,130h 03m,,,
388,66630,,PlayStation 4,130h 22m,NR,,11696304,Completed,First,,120h 30m 11s,130h 22m 05s,160h 55m 41s,,
389,66630,Activerug3,PlayStation 4,130h 34m,100%,,11575120,Completed,First,"April 19, 2020",,130h 34m,,,
390,66630,,PlayStation 4,130h 40m,NR,,11525679,Completed,First,,126h 26m,130h 40m,170h 49m,,
391,66630,Shadowdood123,PlayStation 4,131h,NR,,11673660,Completed,First,,100h,131h,,,
392,66630,NoamRault,PlayStation 4,131h 05m,100%,,11913916,Completed,First,"June 05, 2020",,131h 05m,,,
393,66630,,PlayStation 4,131h 25m,NR,Done all Confidants and Mementos Requests.,11328983,Completed,First,,,131h 25m,,,
394,66630,,PlayStation 4,131h 33m,NR,,11542456,Completed,First,,,131h 33m,,,
395,66630,Powerflare,PlayStation 4,131h 38m,100%,,11473979,Completed,First,"April 16, 2020",,131h 38m,,,
396,66630,,PlayStation 4,131h 44m,NR,,11650452,Completed,First,,,131h 44m,,,
397,66630,,PlayStation 4,132h,NR,,11653262,Completed,Replay,,125h 27m,132h,,,
398,66630,,PlayStation 4,132h,NR,,11726017,Completed,First,,,132h,,,
399,66630,,PlayStation 4,132h,NR,,11788637,Completed,First,,112h,132h,,,
400,66630,oyiiixan,PlayStation 4,132h,100%,,11835682,Completed,First,"May 25, 2020",,132h,,,
401,66630,sinkzor,PlayStation 4,132h,NR,,11734682,Completed,First,"May 14, 2020",,132h,,,
402,66630,KevChaos26,PlayStation 4,132h 05m,100%,,11325294,Completed,First,"May 15, 2020",,132h 05m,140h,,
403,66630,,PlayStation 4,132h 16m,NR,,11775925,Completed,First,,,132h 16m,,,
404,66630,,PlayStation 4,132h 21m,NR,Main Story + Platinum Trophy,11743272,Completed,First,,,132h 21m,,,
405,66630,,PlayStation 4,134h 10m,NR,,11568026,Completed,First,,,134h 10m,,,
406,66630,PersonaA7X,PlayStation 4,134h 20m,NR,,11676564,Completed,First,"May 07, 2020",,134h 20m,,,
407,66630,wills889,PlayStation 4,134h 30m,NR,,11661452,Completed,First,"April 29, 2020",,134h 30m,,,
408,66630,Erito,PlayStation 4,134h 55m,100%,"22/23 S.Link R10, all requests, third semester (true ending), each character level 99, social stats maxed, max money",11481764,Completed,First,"April 17, 2020",,134h 55m,,,
409,66630,,PlayStation 4,135h,NR,,11832641,Completed,Replay,,,135h,,,
410,66630,,PlayStation 4,135h,NR,,11924282,Completed,First,,,135h,,,
411,66630,Darasta,PlayStation 4,135h,NR,,11521578,Completed,First,"April 28, 2020",,135h,,,
412,66630,EverettCastor,PlayStation 4,135h,90%,Most of the extras,11588571,Completed,First,"June 12, 2020",,135h,,Played on Medium difficulty,
413,66630,Boombizzle,PlayStation 4,135h 17m,100%,,11484984,Completed,First,"April 18, 2020",,135h 17m,,,
414,66630,,PlayStation 4,135h 30m,NR,,11674477,Completed,First,,,135h 30m,,,
415,66630,,PlayStation 4,136h,NR,Completed every confidant and Platinum trophy,11663531,Completed,First,,,136h,,,
416,66630,,PlayStation 4,136h,NR,,11779384,Completed,First,,,136h,,,
417,66630,PakitoJE,PlayStation 4,136h,NR,,11906603,Completed,Replay,"June 04, 2020",,136h,,,
418,66630,bsinky,PlayStation 4,137h 15m,NR,Platinum trophy,10738162,Completed,First,"April 16, 2020",,137h 15m,142h 15m,,
419,66630,RSGabe,PlayStation 4,137h 49m,100%,,11457243,Completed,First,"April 15, 2020",,137h 49m,,,
420,66630,,PlayStation 4,138h,NR,,11367271,Completed,First,,,138h,,,
421,66630,burnt_dread,PlayStation 4,138h,NR,,11442570,Playing Completed,First,"May 14, 2020",,138h,,,138h /
422,66630,Marloges,PlayStation 4,138h 42m,100%,Maxed all Confidants and Social Stats and beat Jose. Got the platinum trophy.,11843197,Completed,First,"June 01, 2020",,138h 42m,,Played on hard because Merciless seemed easier. Chose Makoto as romance option.,
423,66630,ishting,PlayStation 4,139h 01m,100%,,11734639,Completed,First,"May 13, 2020",,139h 01m,,,
424,66630,,PlayStation 4,140h,NR,,11902936,Completed,First,,,140h,,,
425,66630,AlduinNuggets,PlayStation 4,140h,100%,,11474599,Completed,First,"April 16, 2020",,140h,,,
426,66630,sgames1,PlayStation 4,140h 25m,100%,,11318251,Completed,Replay,,,140h 25m,,,
427,66630,,PlayStation 4,143h 38m,NR,,12021758,Completed,First,,,143h 38m,,,
428,66630,Private,PlayStation 4,144h,NR,,10893581,Completed,First,"April 28, 2020",,144h,,,
429,66630,abb0r,PlayStation 4,144h 25m,100%,,11421112,Completed,First,"April 21, 2020",,144h 25m,,,
430,66630,AuronX,PlayStation 4,145h,100%,,11740255,Completed,First,"May 15, 2020",,145h,,,
431,66630,,PlayStation 4,145h 11m,NR,,11545996,Completed,First,,,145h 11m,,,
432,66630,,PlayStation 4,145h 23m,NR,"Main story+ new game plus and almost every persona, items and confidants.",11433257,Completed,First,,98h 30m 24s,145h 23m 12s,,,
433,66630,mlksqrd,PlayStation 4,145h 50m,90%,,11580066,Completed,First,"April 27, 2020",,145h 50m,,,
434,66630,Private,PlayStation 4,146h 16m,100%,I got the Platinum with this but I am still missing 20% of the Awards from the Thieves Den,11644555,Completed,First,"May 04, 2020",,146h 16m,,,
435,66630,,PlayStation 4,147h,NR,,11857900,Completed,First,"April 21, 2020",,147h,,,
436,66630,MelonLaser,PlayStation 4,147h 30m,NR,"Max level, max confidant ranks, 74% persona compendium, only missing Reaper kill achievement.",11506957,Completed,First,"April 19, 2020",,147h 30m,,,
437,66630,lukyfan,PlayStation 4,147h 45m,NR,"Platinum trophy, extra mementos exploration, all requests, most of confidants NOT maxed, classic NG with 3rd semester",11849815,Completed,First,"May 01, 2020",,147h 45m,,,
438,66630,,PlayStation 4,148h,NR,,11544345,Completed,First,,,148h,,,
439,66630,,PlayStation 4,148h 24m,NR,,12001385,Completed,First,,,148h 24m,,,
440,66630,,PlayStation 4,150h,NR,,11525498,Completed,First,,130h 50m,150h,155h,,
441,66630,,PlayStation 4,150h,NR,,11548300,Completed,First,,140h,150h,,,
442,66630,,PlayStation 4,150h,NR,,11660639,Completed,First,,,150h,,,
443,66630,,PlayStation 4,150h,NR,,11664443,Completed,First,,120h,150h,200h,,
444,66630,Drizzy,PlayStation 4,150h,100%,,10556062,Completed,First,"May 05, 2020",,150h,,,
445,66630,iampolarize,PlayStation 4,150h,NR,,12034634,Completed,First,"June 18, 2020",,150h,,,
446,66630,,PlayStation 4,150h 12m,NR,,11991866,Completed,First,,,150h 12m,,,
447,66630,YuNarukami,PlayStation 4,150h 18m,100%,,11853616,Completed,First,"May 21, 2020",,150h 18m,,,
448,66630,Roshin,PlayStation 4,151h 32m,NR,,11894699,Completed,First,"May 02, 2020",,151h 32m 20s,,,
449,66630,,PlayStation 4,152h 10m,NR,"Lvl 99, all stamps, played the original before",11620952,Completed,First,,,152h 10m,,,
450,66630,,PlayStation 4,153h,NR,"In this game ""side-quests"" can be considered as part of the main story.",11777560,Completed,First,,,153h,,,
451,66630,Fatlinerdadd,PlayStation 4,153h,NR,,11829425,Completed,First,,120h,153h,,,
452,66630,tokyoslim,PlayStation 4,154h 07m,NR,,11957953,Completed,First,"June 10, 2020",,154h 07m,,,
453,66630,Cpreacy,PlayStation 4,154h 56m,NR,,11910651,Completed,First,"June 03, 2020",132h 30m,154h 56m,,,
454,66630,garc_79,PlayStation 4,155h,NR,,11854244,Playing Completed,First,"May 16, 2020",120h,155h,210h,,160h /
455,66630,,PlayStation 4,155h 49m,NR,,11882717,Completed,First,,,155h 49m 06s,,,
456,66630,,PlayStation 4,156h,NR,,11458331,Completed,First,,,156h,,,
457,66630,Mrfn14,PlayStation 4,157h 07m,NR,,11422497,Completed,First,"April 12, 2020",,157h 07m,,,
458,66630,,PlayStation 4,158h 25m,NR,,11365348,Completed,First,,109h 21m,158h 25m,178h 31m,,
459,66630,,PlayStation 4,159h,NR,,11685041,Completed,First,,,159h,,,
460,66630,,PlayStation 4,160h,NR,End of 3rd semester + true ending + credits. All but 2 confidants maxed. All social stats maxed.,11640718,Completed,First,,,160h,,,
461,66630,NasuVers,PlayStation 4,160h,NR,,11494268,Completed,First,"April 19, 2020",,160h,,,
462,66630,Private,PlayStation 4,160h,100%,"Platinum, but missing 100% compendium and NG+ stuff.",11517833,Completed,First,"May 03, 2020",,160h,,,
463,66630,Private,PlayStation 4,160h 16m,100%,,11310919,Completed,First,"April 25, 2020",,160h 16m,,,
464,66630,glenn,PlayStation 4,160h 32m,NR,,11470132,Completed,First,"April 17, 2020",,160h 32m,,,
465,66630,periahdark,PlayStation 4,161h 09m,100%,"Platinum Trophy. All Confidants Max, All Social Stats Max, Lvl 99, Mementos secret boss defeated, all stamps, True end",11513947,Completed,First,"April 20, 2020",,161h 09m,,"Date Started: March 31, 2020
Date Finished: April 20, 2020",
466,66630,rozzingit,PlayStation 4,161h 20m,100%,,11768171,Completed,First,"May 08, 2020",,161h 20m,,,
467,66630,,PlayStation 4,161h 21m,NR,,11992679,Completed,First,,,161h 21m 05s,,,
468,66630,MaxRide,PlayStation 4,163h 20m,NR,,11313117,Completed,First,"April 30, 2020",,163h 20m,,,
469,66630,Private,PlayStation 4,165h,100%,,11201113,Backlog Completed,First,"April 30, 2020",,165h,,,
470,66630,,PlayStation 4,165h 30m,NR,,11736719,Completed,First,,,165h 30m,,,
471,66630,overlordkyo,PlayStation 4,165h 37m,NR,,11842212,Completed,First,"May 23, 2020",,165h 37m,,,
472,66630,,PlayStation 4,167h,NR,,11711404,Completed,First,,,167h,,,
473,66630,,PlayStation 4,167h 35m,NR,,11942081,Completed,First,,,167h 35m,,,
474,66630,Andiff,PlayStation 4,167h 42m,100%,"Game Complete, Platinum Trophy, 67% Thieves Den Awards",11847644,Completed,First,"May 27, 2020",,167h 42m,,,
475,66630,,PlayStation 4,169h,NR,,11991011,Completed,First,,,169h,,,
476,66630,Private,PlayStation 4,170h,NR,Platinum trophy but missing some awards and no NG+ stuff.,11726306,Completed,First,"May 12, 2020",,170h,,,
477,66630,ToshiroIto,PlayStation 4,170h,NR,,11598747,Completed,First,"June 01, 2020",120h,170h,,,
478,66630,,PlayStation 4,170h 32m,NR,"All confidants, requests and other things outside of NG+",11940029,Completed,First,,120h 50m,170h 32m,,,
479,66630,schuesslererik,PlayStation 4,172h,NR,,11959301,Completed,First,"June 11, 2020",,172h,,,
480,66630,,PlayStation 4,173h 52m,NR,,11985316,Completed,First,,,173h 52m,,,
481,66630,Yannis_Spirou,PlayStation 4,175h 14m,100%,,11302664,Completed,Replay,"April 14, 2020",101h 49m 21s,175h 14m 55s,219h 37m 19s,,
482,66630,,PlayStation 4,176h 36m,NR,,11767782,Completed,First,,,176h 36m,,,
483,66630,Kiniela,PlayStation 4,180h,NR,,11544022,Playing Completed,First,"April 23, 2020",,180h,,,180h /
484,66630,BombombKnight,PlayStation 4,181h 43m,NR,,11814160,Completed,First,,,181h 43m,,,
485,66630,,PlayStation 4,187h 29m,NR,,11711398,Completed,First,,,187h 29m,,,
486,66630,,PlayStation 4,191h 16m,NR,,11742359,Completed,First,,,191h 16m,,,
487,66630,,PlayStation 4,194h 18m,NR,,11472396,Completed,First,,,194h 18m,,,
488,66630,,PlayStation 4,194h 48m,NR,,11856747,Completed,First,,,194h 48m,,,
489,66630,,PlayStation 4,200h,NR,"Includes getting the Platinum, but there are still many things to unlock in the Thieve's Den.",11974091,Completed,First,,,200h,,,
490,66630,GoldenDevilGamer,PlayStation 4,200h,NR,,11320974,Completed,First,"April 01, 2020",180h,200h,220h,,
491,66630,,PlayStation 4,200h 08m,NR,,11940400,Completed,First,,,200h 08m 12s,,,
492,66630,jaypeh,PlayStation 4,220h,NR,,11917364,Playing Replay Completed,Replay,"June 06, 2020",,220h,,,255h 45m 37s /
493,66630,Private,PlayStation 4,229h 33m,NR,"Max Confidant, 80% Thieves Den Awards, 99% Persona Compendium, Some Challenges Completed",8696603,Completed,First,"June 05, 2020",,229h 33m,,,
494,66630,Kryon,PlayStation 4,237h,100%,,11296503,Custom List Completed,First,"June 17, 2020",,237h,,,
495,66630,RenzoVIII,PlayStation 4,79h 45m,NR,,12020941,Completed,First,"June 17, 2020",,,79h 45m,,
496,66630,Private,PlayStation 4,85h,100%,Skipped a lot of dialogue,11903480,Completed,First,"June 04, 2020",,,85h,,
497,66630,Ace7zar3,PlayStation 4,93h 35m,100%,"Platinum Trophy earned, true ending achieved.",11990088,Completed,First,"June 09, 2020",,,93h 35m,,
498,66630,gavinng,PlayStation 4,95h,100%,,11693154,Completed,First,"April 21, 2020",,,95h,,
499,66630,Beowulf94,PlayStation 4,98h 03m,100%,,10946912,Completed,First,"May 04, 2020",,,98h 03m,,
500,66630,haisoj,PlayStation 4,101h,100%,"All confidants, max level, all mementos missions, bonus semester, platinum trophy. Had played P5 before.",11584066,Completed,First,"May 17, 2020",,,101h,,
501,66630,HermanoFe87,PlayStation 4,105h 05m,100%,,11553545,Completed,First,"April 25, 2020",,,105h 05m 10s,,
502,66630,Phio,PlayStation 4,105h 59m,100%,,11334077,Completed,First,"May 07, 2020",,,105h 59m,,
503,66630,,PlayStation 4,106h,NR,,11677958,Completed,First,,,,106h,,
504,66630,Novac92,PlayStation 4,106h,NR,,11645383,Completed,First,"May 04, 2020",,,106h,,
505,66630,,PlayStation 4,107h,NR,,12001803,Completed,First,,,,107h,,
506,66630,Wedjwants,PlayStation 4,107h,NR,,11638004,Completed,First,"May 03, 2020",,,107h,,
507,66630,shock4878,PlayStation 4,107h,NR,,12001806,Completed,First,"June 15, 2020",,,107h,,
508,66630,,PlayStation 4,107h 21m,NR,"Platinum trophy, all mementos missions, all but 3 confidants maxed, haven't played Persona 5 before, normal dificulty",11833063,Completed,First,,,,107h 21m 10s,,
509,66630,,PlayStation 4,108h 53m,NR,,11992953,Completed,First,,,,108h 53m,,
510,66630,,PlayStation 4,109h,NR,,11648931,Completed,First,,,,109h,,
511,66630,Kratesov,PlayStation 4,109h 14m,NR,,11634652,Completed,Replay,"April 21, 2020",,,109h 14m,,
512,66630,Jaspion8,PlayStation 4,109h 27m,NR,,11615492,Completed,First,"May 01, 2020",,,109h 27m,,
513,66630,Magnara,PlayStation 4,110h,NR,,11527941,Completed,First,"April 22, 2020",80h,95h,110h,already played Vanilla Persona 5,
514,66630,soyweebs,PlayStation 4,110h,NR,,11852963,Completed,First,"May 28, 2020",,,110h,,
515,66630,Alexsanlo,PlayStation 4,110h 40m,100%,Platino,11256832,Completed,First,"April 22, 2020",,,110h 40m,,
516,66630,JoshJ,PlayStation 4,111h,NR,,11427438,Completed,First,"June 04, 2020",,,111h,,
517,66630,bl4ckout,PlayStation 4,111h,NR,"Platinum Trophy, Played P5 Originally, with guide to max all confidants. Ended @ Lvl 99",11778795,Completed,First,"May 19, 2020",,,111h,,
518,66630,RandomHypnotica,PlayStation 4,111h 18m,90%,"Got the Platinum Trophy, Played P5 Originally, followed a guide to max all confidants. Ended @ Lvl 94",11366126,Completed,First,"May 06, 2020",,,111h 18m,,
519,66630,Akatsuki200,PlayStation 4,113h 21m,100%,,11692705,Completed,First,"May 25, 2020",,,113h 21m,,
520,66630,Private,PlayStation 4,114h 41m,100%,,11317429,Completed,First,"April 25, 2020",,,114h 41m,,
521,66630,,PlayStation 4,115h,NR,,11391032,Completed,First,,105h,111h,115h,,
522,66630,Bane,PlayStation 4,115h,NR,,11729141,Completed,First,"April 22, 2020",,,115h,,
523,66630,StevenRB,PlayStation 4,115h 23m,NR,,11814792,Completed,First,"May 22, 2020",,,115h 23m,,
524,66630,ScarfyHylian,PlayStation 4,117h 47m,100%,,11373753,Completed,First,"June 17, 2020",,,117h 47m,,
525,66630,DZero,PlayStation 4,119h,100%,,11640215,Completed,First,"April 26, 2020",,,119h,,
526,66630,itsconorbitch,PlayStation 4,119h,NR,,11597895,Completed,First,"April 18, 2020",,,119h,,
527,66630,Private,PlayStation 4,119h 26m,100%,,11421998,Completed,First,"June 16, 2020",,,119h 26m,,
528,66630,,PlayStation 4,119h 31m,NR,,11453598,Completed,First,,100h,,119h 31m,,
529,66630,,PlayStation 4,120h,NR,,11446770,Completed,First,,,,120h,,
530,66630,,PlayStation 4,120h,NR,,11608340,Completed,First,,90h,105h,120h,,
531,66630,Hakari,PlayStation 4,120h,NR,,11467029,Completed,First,"April 16, 2020",85h,100h,120h,,
532,66630,MajorasMatt,PlayStation 4,120h,70%,,11943752,Completed,First,"April 13, 2020",,,120h,,
533,66630,,PlayStation 4,120h 01m,NR,,11968724,Completed,First,,,120h 01m,120h 01m 01s,,
534,66630,Midare,PlayStation 4,120h 03m,NR,,11668761,Completed,First,"May 07, 2020",,,120h 03m,,
535,66630,,PlayStation 4,120h 30m,NR,,11525233,Completed,First,,93h 17m,,120h 30m,,
536,66630,,PlayStation 4,120h 35m,NR,,11420912,Completed,First,,,,120h 35m,,
537,66630,Trovao2004,PlayStation 4,120h 35m,100%,,11702242,Completed,First,"April 11, 2020",,,120h 35m,,
538,66630,,PlayStation 4,121h,NR,,11353976,Completed,First,,102h 50m 01s,115h 50m 55s,121h,,
539,66630,Fokkos,PlayStation 4,121h,NR,,11386811,Completed,First,"April 06, 2020",80h,120h,121h,,
540,66630,Gawain88,PlayStation 4,122h,NR,,11968906,Completed,First,"June 11, 2020",,,122h,,
541,66630,,PlayStation 4,122h 45m,NR,Platinum Trophy One Run,11420949,Completed,First,,,,122h 45m,,
542,66630,,PlayStation 4,123h,NR,,12002548,Completed,First,,,,123h,,
543,66630,,PlayStation 4,124h,NR,,11940402,Completed,First,,,,124h,,
544,66630,,PlayStation 4,124h 50m,NR,,11955463,Completed,First,,,121h 51m 45s,124h 50m,,
545,66630,,PlayStation 4,126h 35m,NR,,11786616,Completed,First,,110h,120h,126h 35m,,
546,66630,sacrabalic,PlayStation 4,126h 44m,90%,,11537067,Completed,First,,,,126h 44m,,
547,66630,FinalVotch,PlayStation 4,127h 32m,NR,"100% Trophies. True Ending, All Personas Unlocked, All Social Links Maxed",11539576,Completed,First,"April 23, 2020",,,127h 32m,,
548,66630,ColdHand,PlayStation 4,128h,100%,,11443728,Completed,First,"April 29, 2020",,,128h,,
549,66630,Insanitysoul_PC,PlayStation 4,129h,NR,,11757309,Completed,First,"May 16, 2020",,,129h,,
550,66630,Straw,PlayStation 4,129h 37m,NR,Platinum - Hard - All confidants - Mementos quests + stamps - 92% compendium - Battle DLC,11991364,Completed,First,"June 14, 2020",,,129h 37m,,
551,66630,Nikita2337,PlayStation 4,129h 55m,NR,,11496753,Completed,First,"April 19, 2020",,,129h 55m,,
552,66630,,PlayStation 4,130h,NR,,11608768,Completed,First,,100h,115h,130h,,
553,66630,,PlayStation 4,130h,NR,,11722165,Completed,First,,,,130h,,
554,66630,,PlayStation 4,130h,NR,Everything,11968947,Completed,First,,,,130h,,
555,66630,Private,PlayStation 4,130h,100%,,11570826,Completed,First,"April 23, 2020",,,130h,,
556,66630,HoldFestMand,PlayStation 4,130h 29m,NR,,11814803,Completed,First,"May 23, 2020",,,130h 29m,,
557,66630,,PlayStation 4,130h 42m,NR,,11596181,Completed,First,,,,130h 42m,,
558,66630,BlackSol,PlayStation 4,133h,90%,,11643990,Completed,First,"May 03, 2020",,,133h,,
559,66630,S0RIN,PlayStation 4,133h 25m,NR,Forgot one trophy... had to NG+,11731166,Completed,Replay,"May 13, 2020",,,133h 25m,,
560,66630,MainFutaba,PlayStation 4,134h,NR,,11838365,Completed,Replay,"May 26, 2020",,,134h,,
561,66630,,PlayStation 4,134h 59m,NR,,11491391,Completed,First,,,,134h 59m,,
562,66630,bobbywasabi,PlayStation 4,135h 01m,NR,"All Confidants, Hard and then Merciless, Platinum Trophy obtained",11955393,Completed,First,"June 05, 2020",,,135h 01m,,
563,66630,Fuboz,PlayStation 4,135h 18m,100%,"Platinum - All Confidants, All secret fights, All secret cutscenes & Best ending.",11599640,Completed,First,"May 28, 2020",,,135h 18m 24s,,
564,66630,Xenon,PlayStation 4,135h 49m,NR,,11604338,Completed,First,"April 19, 2020",,,135h 49m,,
565,66630,,PlayStation 4,136h,NR,,11666678,Completed,First,,,,136h,,
566,66630,,PlayStation 4,136h 04m,NR,,11599277,Completed,First,,,,136h 04m,,
567,66630,FusionXD,PlayStation 4,136h 30m,NR,,11879677,Completed,First,"May 31, 2020",,,136h 30m,,
568,66630,,PlayStation 4,137h 49m,NR,,11881890,Completed,First,,,,137h 49m,,
569,66630,XerBlade,PlayStation 4,138h 29m,100%,,11544095,Completed,First,"April 23, 2020",,,138h 29m,,
570,66630,Cherreesherree,PlayStation 4,139h,NR,,11814341,Completed,First,"May 17, 2020",,,139h,,
571,66630,,PlayStation 4,139h 05m,NR,Platinum Trophy,11826662,Completed,First,,,,139h 05m 01s,,
572,66630,guyinahatgames,PlayStation 4,139h 27m,NR,,11915368,Completed,First,"June 05, 2020",,,139h 27m,,
573,66630,,PlayStation 4,140h,NR,"All trophies, 26 Maxed confidants, 98% Persona compendium",11539609,Completed,Replay,,,,140h,,
574,66630,,PlayStation 4,140h,NR,,11611513,Completed,First,,,,140h,,
575,66630,,PlayStation 4,140h,NR,,11645955,Completed,First,,,,140h,,
576,66630,,PlayStation 4,140h,NR,Platinum,11684259,Completed,First,,,,140h,,
577,66630,,PlayStation 4,140h,NR,,11809226,Completed,First,,82h,,140h,,
578,66630,,PlayStation 4,140h,NR,,11995064,Completed,First,,100h,125h,140h,,
579,66630,KevChaos26,PlayStation 4,140h,100%,,11325294,Completed,First,"May 15, 2020",,132h 05m,140h,,
580,66630,SuperSonic14789,PlayStation 4,140h,NR,"All trophies 26/27 Confidants, 97% Compendium",11594237,Completed,First,"April 28, 2020",,,140h,,
581,66630,hotrod918,PlayStation 4,140h,NR,,11538669,Completed,First,"April 26, 2020",95h,110h,140h,,
582,66630,tedthegamer,PlayStation 4,140h 30m,NR,,11584075,Completed,First,"May 13, 2020",,,140h 30m,,
583,66630,,PlayStation 4,141h 21m,NR,,11590107,Completed,First,,,,141h 21m,,
584,66630,EvaPilot1,PlayStation 4,141h 29m,100%,Max S-Links + Requests + Platinum trophy + Merciless difficulty + True ending & All 3rd tier personas,11999221,Completed,Replay,"June 15, 2020",,,141h 29m,,
585,66630,,PlayStation 4,141h 38m,NR,,11782864,Completed,First,,,,141h 38m,,
586,66630,Rabia,PlayStation 4,141h 55m,100%,,11489377,Completed,First,"May 03, 2020",,,141h 55m,,
587,66630,bsinky,PlayStation 4,142h 15m,NR,Platinum trophy,10738162,Completed,First,"April 16, 2020",,137h 15m,142h 15m,,
588,66630,snookles,PlayStation 4,142h 57m,100%,,11397695,Completed,First,"April 13, 2020",,,142h 57m,All confidants maxed out. All social stats maxed out. All stamps collected. All mementos requests completed. Jose defeated. Platinum trophy unlocked.,
589,66630,,PlayStation 4,143h,NR,,11647918,Completed,First,,,,143h,,
590,66630,,PlayStation 4,143h 37m,NR,,11611076,Completed,First,,,,143h 37m,,
591,66630,,PlayStation 4,143h 43m,NR,,11492801,Completed,First,,,,143h 43m,,
592,66630,,PlayStation 4,144h,NR,,11721477,Completed,First,,,,144h,,
593,66630,moeshiznit,PlayStation 4,144h,NR,,11822612,Completed,First,"April 24, 2020",,,144h,,
594,66630,shinsoukoku,PlayStation 4,144h,100%,"Platinum trophy, all mementos stamps",10820980,Custom List 2 Completed,First,"May 18, 2020",,,144h,,
595,66630,toaplaceallmine,PlayStation 4,144h 04m,100%,,11242954,Completed,First,"May 04, 2020",,,144h 04m,started 06.04.20,
596,66630,decoy84,PlayStation 4,144h 35m,NR,,11652366,Completed,First,"May 05, 2020",,,144h 35m,,
597,66630,Logan1108,PlayStation 4,145h,100%,,11377541,Completed,First,"April 06, 2020",,,145h,,
598,66630,aliyin,PlayStation 4,145h 37m,90%,platinum trophy,11858211,Completed,First,"May 27, 2020",,,145h 37m,,
599,66630,,PlayStation 4,145h 43m,NR,,11876011,Completed,First,,,,145h 43m,,
600,66630,Ivymore,PlayStation 4,146h 10m,100%,,11926593,Completed,First,"June 06, 2020",,,146h 10m,,
601,66630,The_Leachman,PlayStation 4,147h 15m,NR,,11473044,Completed,First,"April 16, 2020",,,147h 15m,,
602,66630,Daser,PlayStation 4,147h 48m,NR,,11521507,Completed,First,"April 22, 2020",,,147h 48m,,
603,66630,Xasthur,PlayStation 4,149h,90%,,11541152,Custom List Custom List 2 Completed,First,"April 23, 2020",,,149h,,
604,66630,,PlayStation 4,149h 09m,NR,,11844344,Completed,First,,,,149h 09m,,
605,66630,,PlayStation 4,149h 21m,NR,,11718055,Completed,First,,,,149h 21m,,
606,66630,,PlayStation 4,150h,NR,,11496756,Completed,First,,,,150h,,
607,66630,Pepsimurti,PlayStation 4,150h,100%,,11719520,Completed,First,"May 12, 2020",,,150h,,
608,66630,TDutchWalker,PlayStation 4,150h,NR,,11519364,Completed,First,"April 25, 2020",,,150h,,
609,66630,joeylord12,PlayStation 4,150h,NR,,11308667,Completed,First,"May 20, 2020",,,150h,,
610,66630,,PlayStation 4,150h 28m,NR,,11400317,Completed,First,,,,150h 28m,,
611,66630,yuna67876,PlayStation 4,150h 34m,100%,"100% Confidants maxed out, and platinum trophy obtained",11196842,Completed,First,"May 09, 2020",,,150h 34m,,
612,66630,PhantomFYM,PlayStation 4,150h 42m,100%,,11784940,Completed,First,"April 25, 2020",,,150h 42m,,
613,66630,,PlayStation 4,150h 58m,NR,,11999323,Completed,First,,,,150h 58m,,
614,66630,,PlayStation 4,153h,NR,,11839584,Completed,First,,,,153h,,
615,66630,mtn32194,PlayStation 4,153h 12m,NR,,11666138,Completed,First,"May 03, 2020",,,153h 12m,,
616,66630,Private,PlayStation 4,153h 30m,100%,[Normal] True Ending | Max Confidants | 85% Inmate Registry | All Stamps & Requests | Level 99 all| Platinum,11820195,Completed,First,"May 23, 2020",,,153h 30m,,
617,66630,Private,PlayStation 4,153h 32m,90%,"Lv.99, Maxed social stats, All Confidants maxed, 99% compendium, All mementos quests & stamps!",11369263,Completed,First,"April 23, 2020",,,153h 32m,,
618,66630,,PlayStation 4,154h,NR,,11781869,Completed,First,,,,154h,,
619,66630,,PlayStation 4,154h 07m,NR,I got the platinum trophy and max confidants,11948491,Completed,First,,,,154h 07m,,
620,66630,Deadliestbeef,PlayStation 4,154h 51m,90%,,11753705,Completed,First,"May 11, 2020",,,154h 51m,,
621,66630,,PlayStation 4,155h,NR,,11525498,Completed,First,,130h 50m,150h,155h,,
622,66630,,PlayStation 4,155h,NR,,11858642,Completed,First,,,,155h,,
623,66630,,PlayStation 4,155h 25m,NR,,11989288,Completed,First,,,,155h 25m,,
624,66630,digipacopr,PlayStation 4,155h 25m,NR,"Lvl 94, Max Confidant, All Trophies",10820718,Completed,First,"June 03, 2020",,,155h 25m,,
625,66630,,PlayStation 4,155h 25m,NR,"100% socials links, 100% persona registry, level 99",11692874,Completed,First,,,,155h 25m 55s,,
626,66630,FreddyKen,PlayStation 4,156h 29m,100%,,11581709,Completed,First,"April 27, 2020",,,156h 29m 47s,,
627,66630,Private,PlayStation 4,156h 42m,NR,Took longer than average. Must have done a lot of extra stuff or really took my time.,11856238,Completed,First,"May 25, 2020",,,156h 42m,,
628,66630,Blanchimont08159,PlayStation 4,157h,100%,,11314463,Completed,First,"April 15, 2020",,,157h,,
629,66630,,PlayStation 4,158h 02m,NR,,11905339,Completed,First,,,,158h 02m,,
630,66630,,PlayStation 4,159h 24m,NR,,11841370,Completed,First,,,,159h 24m 13s,,
631,66630,,PlayStation 4,159h 58m,NR,,11933264,Completed,First,,,,159h 58m,,
632,66630,Cooltato,PlayStation 4,159h 59m,100%,Platinum Trophy,11458969,Completed,First,"May 02, 2020",,,159h 59m 47s,,
633,66630,Aranyae,PlayStation 4,160h,NR,,11848690,Completed,First,,,,160h,,
634,66630,Rendulum,PlayStation 4,160h,NR,,11696547,Completed,First,"May 10, 2020",90h,120h,160h,,
635,66630,SwagTyrant,PlayStation 4,160h,90%,,11387472,Completed,First,"April 27, 2020",,,160h,,
636,66630,,PlayStation 4,160h 16m,NR,,11689782,Completed,First,,,,160h 16m,,
637,66630,,PlayStation 4,160h 19m,NR,,11469032,Completed,First,,,,160h 19m,,
638,66630,donnydabes,PlayStation 4,160h 32m,NR,,11546496,Completed,First,"April 24, 2020",,,160h 32m,,
639,66630,,PlayStation 4,160h 55m,NR,,11696304,Completed,First,,120h 30m 11s,130h 22m 05s,160h 55m 41s,,
640,66630,asakurawhyte,PlayStation 4,161h 30m,100%,,11461310,Completed,First,"June 11, 2020",,,161h 30m,,
641,66630,taptap,PlayStation 4,164h 14m,NR,,12014034,Completed,First,"June 16, 2020",,,164h 14m,,
642,66630,,PlayStation 4,165h 34m,NR,,11524088,Completed,First,,,,165h 34m,,
643,66630,Brezee100,PlayStation 4,167h 32m,NR,"Got the Platinum, Completed the Compendium but didn't Finish the Thieves Den",11735792,Completed,First,"May 12, 2020",,,167h 32m,,
644,66630,,PlayStation 4,170h,NR,,11595706,Completed,First,,,,170h,,
645,66630,,PlayStation 4,170h 49m,NR,,11525679,Completed,First,,126h 26m,130h 40m,170h 49m,,
646,66630,DyHi5,PlayStation 4,171h 24m,NR,"True ending, all Thieves Den challenges, all trophies",11419211,Completed,First,"April 11, 2020",100h 29m,,171h 24m,,
647,66630,,PlayStation 4,173h 07m,NR,,11707473,Completed,First,,,,173h 07m,,
648,66630,HecTiicClaw,PlayStation 4,175h 45m,100%,,11465432,Completed,First,"May 07, 2020",,,175h 45m,,
649,66630,Jarble,PlayStation 4,176h 13m,100%,"Everything in the first playthrough without NG+ Posisble, 100% persona, 100% trophies",11585782,Custom List 2 Completed,First,"April 26, 2020",,,176h 13m,,176h 13m /
650,66630,ItsChrane,PlayStation 4,177h 44m,NR,,11521288,Completed,First,"April 21, 2020",,,177h 44m,,
651,66630,balladechina212,PlayStation 4,178h 12m,100%,"Platinum, completed compendium except Satanael, level 99 everyone, best gear for everyone, max confidants",11307496,Completed,First,"May 23, 2020",,,178h 12m,,
652,66630,,PlayStation 4,178h 31m,NR,,11365348,Completed,First,,109h 21m,158h 25m,178h 31m,,
653,66630,faqsimil,PlayStation 4,180h,NR,"Platinum trophy, normal difficulty, all confidants maxed, party at level 99, true ending, all stamps",11320919,Completed,First,"June 01, 2020",,,180h,,
654,66630,Blackadder,PlayStation 4,187h,100%,,11836640,Completed,First,,,,187h,,
655,66630,,PlayStation 4,187h 15m,NR,,11996411,Completed,First,,,,187h 15m,,
656,66630,D4L41L4M4,PlayStation 4,187h 58m,100%,"Plat, 100% everything without NG+",11307246,Completed,First,"June 08, 2020",,,187h 58m 41s,,
657,66630,,PlayStation 4,187h 59m,NR,Amazing,11415807,Completed,First,,101h 52m 59s,,187h 59m 47s,,
658,66630,,PlayStation 4,188h,NR,,11681906,Completed,First,,,,188h,,
659,66630,Private,PlayStation 4,193h 24m,NR,Platinum,11893469,Completed,First,"June 03, 2020",,,193h 24m,,
660,66630,DarthPonark,PlayStation 4,196h 15m,NR,,11508625,Completed,First,"April 19, 2020",,,196h 15m,,
661,66630,,PlayStation 4,200h,NR,,11664443,Completed,First,,120h,150h,200h,,
662,66630,,PlayStation 4,200h,NR,I tried to do everything beyond the platinum trophy,11777217,Completed,First,,,,200h,,
663,66630,,PlayStation 4,200h,NR,,12026704,Completed,First,,,,200h,,
664,66630,,PlayStation 4,200h 23m,NR,,11630432,Completed,First,,,,200h 23m,,
665,66630,Private,PlayStation 4,204h 01m,100%,,11460411,Completed,First,"May 14, 2020",,,204h 01m,,
666,66630,Private,PlayStation 4,204h 34m,NR,,11857706,Completed,First,"May 25, 2020",,,204h 34m,,
667,66630,,PlayStation 4,209h 35m,NR,,11531224,Completed,First,,,,209h 35m,,
668,66630,garc_79,PlayStation 4,210h,NR,,11854244,Playing Completed,First,"May 16, 2020",120h,155h,210h,,160h /
669,66630,Yannis_Spirou,PlayStation 4,219h 37m,100%,,11302664,Completed,Replay,"April 14, 2020",101h 49m 21s,175h 14m 55s,219h 37m 19s,,
670,66630,GoldenDevilGamer,PlayStation 4,220h,NR,,11320974,Completed,First,"April 01, 2020",180h,200h,220h,,
